combo,source,weight
S1-A,low_carbon_london,0.3333333333333333
S1-A,camsl_japan_smart_meters,0.3333333333333333
S1-A,irish_domestic_smart_meters,0.3333333333333333
S1-B,bdg2_building_data_genome,0.3333333333333333
S1-B,heapo_heat_pumps,0.3333333333333333
S1-B,smart_grid_smart_city,0.3333333333333333
S2-A,european_lv_urban_35297,0.4
S2-A,european_lv_urban_8087,0.25
S2-A,european_lv_rural_2731,0.15
S2-A,norway_ami_energy_distribution,0.1
S2-A,goiener_smart_meters,0.1
S2-B,bdg2_building_data_genome,0.35
S2-B,low_carbon_london,0.25
S2-B,danish_smart_heat_meters,0.15
S2-B,heapo_heat_pumps,0.15
S2-B,complete_energy_community,0.1
S3-A,low_carbon_london,0.18
S3-A,smart_grid_smart_city,0.14
S3-A,camsl_japan_smart_meters,0.12
S3-A,irish_domestic_smart_meters,0.1
S3-A,goiener_smart_meters,0.08
S3-A,norway_ami_energy_distribution,0.08
S3-A,european_lv_rural_2731,0.07
S3-A,european_lv_urban_35297,0.1
S3-A,european_lv_urban_8087,0.08
S3-A,heapo_heat_pumps,0.05
S3-B,bdg1_building_data_genome,0.10000000000000002
S3-B,bdg2_building_data_genome,0.15000000000000002
S3-B,complete_energy_community,0.10000000000000002
S3-B,danish_smart_heat_meters,0.10000000000000002
S3-B,heapo_heat_pumps,0.10000000000000002
S3-B,low_carbon_london,0.10000000000000002
S3-B,smart_grid_smart_city,0.10000000000000002
S3-B,european_lv_rural_2731,0.08000000000000002
S3-B,norway_ami_energy_distribution,0.12000000000000001
S3-B,opsd_household_data,0.05000000000000001
S4-A,bdg1_building_data_genome,0.0666666666666667
S4-A,bdg2_building_data_genome,0.0666666666666667
S4-A,complete_energy_community,0.0666666666666667
S4-A,danish_smart_heat_meters,0.0666666666666667
S4-A,european_lv_rural_2731,0.0666666666666667
S4-A,european_lv_urban_35297,0.0666666666666667
S4-A,goiener_smart_meters,0.0666666666666667
S4-A,heapo_heat_pumps,0.0666666666666667
S4-A,low_carbon_london,0.0666666666666667
S4-A,norway_ami_energy_distribution,0.0666666666666667
S4-A,camsl_japan_smart_meters,0.0666666666666667
S4-A,european_lv_urban_8087,0.0666666666666667
S4-A,irish_domestic_smart_meters,0.0666666666666667
S4-A,opsd_household_data,0.0666666666666667
S4-A,smart_grid_smart_city,0.0666666666666667
S4-B,bdg1_building_data_genome,0.09999999999999998
S4-B,bdg2_building_data_genome,0.09999999999999998
S4-B,low_carbon_london,0.039999999999999994
S4-B,camsl_japan_smart_meters,0.039999999999999994
S4-B,irish_domestic_smart_meters,0.039999999999999994
S4-B,goiener_smart_meters,0.039999999999999994
S4-B,smart_grid_smart_city,0.039999999999999994
S4-B,danish_smart_heat_meters,0.09999999999999998
S4-B,heapo_heat_pumps,0.09999999999999998
S4-B,european_lv_rural_2731,0.04999999999999999
S4-B,european_lv_urban_35297,0.04999999999999999
S4-B,european_lv_urban_8087,0.04999999999999999
S4-B,norway_ami_energy_distribution,0.04999999999999999
S4-B,complete_energy_community,0.14999999999999997
S4-B,opsd_household_data,0.04999999999999999
S5-A,low_carbon_london,0.12999999999999995
S5-A,camsl_japan_smart_meters,0.12999999999999995
S5-A,irish_domestic_smart_meters,0.12999999999999995
S5-A,goiener_smart_meters,0.12999999999999995
S5-A,smart_grid_smart_city,0.12999999999999995
S5-A,european_lv_rural_2731,0.049999999999999975
S5-A,european_lv_urban_35297,0.049999999999999975
S5-A,european_lv_urban_8087,0.049999999999999975
S5-A,norway_ami_energy_distribution,0.049999999999999975
S5-A,bdg1_building_data_genome,0.024999999999999988
S5-A,bdg2_building_data_genome,0.024999999999999988
S5-A,danish_smart_heat_meters,0.024999999999999988
S5-A,heapo_heat_pumps,0.024999999999999988
S5-A,complete_energy_community,0.029999999999999985
S5-A,opsd_household_data,0.019999999999999993
S5-B,bdg1_building_data_genome,0.19999999999999996
S5-B,bdg2_building_data_genome,0.19999999999999996
S5-B,danish_smart_heat_meters,0.14999999999999997
S5-B,heapo_heat_pumps,0.14999999999999997
S5-B,low_carbon_london,0.029999999999999992
S5-B,camsl_japan_smart_meters,0.029999999999999992
S5-B,irish_domestic_smart_meters,0.029999999999999992
S5-B,goiener_smart_meters,0.029999999999999992
S5-B,smart_grid_smart_city,0.029999999999999992
S5-B,european_lv_rural_2731,0.024999999999999994
S5-B,european_lv_urban_35297,0.024999999999999994
S5-B,european_lv_urban_8087,0.024999999999999994
S5-B,norway_ami_energy_distribution,0.024999999999999994
S5-B,complete_energy_community,0.029999999999999992
S5-B,opsd_household_data,0.019999999999999997
S5-C,european_lv_rural_2731,0.11249999999999995
S5-C,european_lv_urban_35297,0.11249999999999995
S5-C,european_lv_urban_8087,0.11249999999999995
S5-C,norway_ami_energy_distribution,0.11249999999999995
S5-C,complete_energy_community,0.1999999999999999
S5-C,opsd_household_data,0.049999999999999975
S5-C,low_carbon_london,0.03999999999999999
S5-C,camsl_japan_smart_meters,0.03999999999999999
S5-C,irish_domestic_smart_meters,0.03999999999999999
S5-C,goiener_smart_meters,0.03999999999999999
S5-C,smart_grid_smart_city,0.03999999999999999
S5-C,bdg1_building_data_genome,0.024999999999999988
S5-C,bdg2_building_data_genome,0.024999999999999988
S5-C,danish_smart_heat_meters,0.024999999999999988
S5-C,heapo_heat_pumps,0.024999999999999988
S6-A,european_lv_urban_35297,0.35
S6-A,european_lv_urban_8087,0.25
S6-A,european_lv_rural_2731,0.2
S6-A,norway_ami_energy_distribution,0.2
S6-B,bdg2_building_data_genome,0.35000000000000003
S6-B,heapo_heat_pumps,0.2
S6-B,danish_smart_heat_meters,0.15000000000000002
S6-B,low_carbon_london,0.2
S6-B,smart_grid_smart_city,0.1
S6-C,complete_energy_community,0.3
S6-C,smart_grid_smart_city,0.3
S6-C,opsd_household_data,0.05
S6-C,irish_domestic_smart_meters,0.2
S6-C,norway_ami_energy_distribution,0.15
P001,bdg1_building_data_genome,0.5
P001,bdg2_building_data_genome,0.5
P002,bdg1_building_data_genome,0.5
P002,low_carbon_london,0.5
P003,bdg1_building_data_genome,0.5
P003,camsl_japan_smart_meters,0.5
P004,bdg1_building_data_genome,0.5
P004,irish_domestic_smart_meters,0.5
P005,bdg1_building_data_genome,0.5
P005,goiener_smart_meters,0.5
P006,bdg1_building_data_genome,0.5
P006,smart_grid_smart_city,0.5
P007,bdg1_building_data_genome,0.5
P007,danish_smart_heat_meters,0.5
P008,bdg1_building_data_genome,0.5
P008,heapo_heat_pumps,0.5
P009,bdg1_building_data_genome,0.5
P009,european_lv_rural_2731,0.5
P010,bdg1_building_data_genome,0.5
P010,european_lv_urban_35297,0.5
P011,bdg1_building_data_genome,0.5
P011,european_lv_urban_8087,0.5
P012,bdg1_building_data_genome,0.5
P012,norway_ami_energy_distribution,0.5
P013,bdg1_building_data_genome,0.5
P013,complete_energy_community,0.5
P014,bdg1_building_data_genome,0.5
P014,opsd_household_data,0.5
P015,bdg2_building_data_genome,0.5
P015,low_carbon_london,0.5
P016,bdg2_building_data_genome,0.5
P016,camsl_japan_smart_meters,0.5
P017,bdg2_building_data_genome,0.5
P017,irish_domestic_smart_meters,0.5
P018,bdg2_building_data_genome,0.5
P018,goiener_smart_meters,0.5
P019,bdg2_building_data_genome,0.5
P019,smart_grid_smart_city,0.5
P020,bdg2_building_data_genome,0.5
P020,danish_smart_heat_meters,0.5
P021,bdg2_building_data_genome,0.5
P021,heapo_heat_pumps,0.5
P022,bdg2_building_data_genome,0.5
P022,european_lv_rural_2731,0.5
P023,bdg2_building_data_genome,0.5
P023,european_lv_urban_35297,0.5
P024,bdg2_building_data_genome,0.5
P024,european_lv_urban_8087,0.5
P025,bdg2_building_data_genome,0.5
P025,norway_ami_energy_distribution,0.5
P026,bdg2_building_data_genome,0.5
P026,complete_energy_community,0.5
P027,bdg2_building_data_genome,0.5
P027,opsd_household_data,0.5
P028,low_carbon_london,0.5
P028,camsl_japan_smart_meters,0.5
P029,low_carbon_london,0.5
P029,irish_domestic_smart_meters,0.5
P030,low_carbon_london,0.5
P030,goiener_smart_meters,0.5
P031,low_carbon_london,0.5
P031,smart_grid_smart_city,0.5
P032,low_carbon_london,0.5
P032,danish_smart_heat_meters,0.5
P033,low_carbon_london,0.5
P033,heapo_heat_pumps,0.5
P034,low_carbon_london,0.5
P034,european_lv_rural_2731,0.5
P035,low_carbon_london,0.5
P035,european_lv_urban_35297,0.5
P036,low_carbon_london,0.5
P036,european_lv_urban_8087,0.5
P037,low_carbon_london,0.5
P037,norway_ami_energy_distribution,0.5
P038,low_carbon_london,0.5
P038,complete_energy_community,0.5
P039,low_carbon_london,0.5
P039,opsd_household_data,0.5
P040,camsl_japan_smart_meters,0.5
P040,irish_domestic_smart_meters,0.5
P041,camsl_japan_smart_meters,0.5
P041,goiener_smart_meters,0.5
P042,camsl_japan_smart_meters,0.5
P042,smart_grid_smart_city,0.5
P043,camsl_japan_smart_meters,0.5
P043,danish_smart_heat_meters,0.5
P044,camsl_japan_smart_meters,0.5
P044,heapo_heat_pumps,0.5
P045,camsl_japan_smart_meters,0.5
P045,european_lv_rural_2731,0.5
P046,camsl_japan_smart_meters,0.5
P046,european_lv_urban_35297,0.5
P047,camsl_japan_smart_meters,0.5
P047,european_lv_urban_8087,0.5
P048,camsl_japan_smart_meters,0.5
P048,norway_ami_energy_distribution,0.5
P049,camsl_japan_smart_meters,0.5
P049,complete_energy_community,0.5
P050,camsl_japan_smart_meters,0.5
P050,opsd_household_data,0.5
P051,irish_domestic_smart_meters,0.5
P051,goiener_smart_meters,0.5
P052,irish_domestic_smart_meters,0.5
P052,smart_grid_smart_city,0.5
P053,irish_domestic_smart_meters,0.5
P053,danish_smart_heat_meters,0.5
P054,irish_domestic_smart_meters,0.5
P054,heapo_heat_pumps,0.5
P055,irish_domestic_smart_meters,0.5
P055,european_lv_rural_2731,0.5
P056,irish_domestic_smart_meters,0.5
P056,european_lv_urban_35297,0.5
P057,irish_domestic_smart_meters,0.5
P057,european_lv_urban_8087,0.5
P058,irish_domestic_smart_meters,0.5
P058,norway_ami_energy_distribution,0.5
P059,irish_domestic_smart_meters,0.5
P059,complete_energy_community,0.5
P060,irish_domestic_smart_meters,0.5
P060,opsd_household_data,0.5
P061,goiener_smart_meters,0.5
P061,smart_grid_smart_city,0.5
P062,goiener_smart_meters,0.5
P062,danish_smart_heat_meters,0.5
P063,goiener_smart_meters,0.5
P063,heapo_heat_pumps,0.5
P064,goiener_smart_meters,0.5
P064,european_lv_rural_2731,0.5
P065,goiener_smart_meters,0.5
P065,european_lv_urban_35297,0.5
P066,goiener_smart_meters,0.5
P066,european_lv_urban_8087,0.5
P067,goiener_smart_meters,0.5
P067,norway_ami_energy_distribution,0.5
P068,goiener_smart_meters,0.5
P068,complete_energy_community,0.5
P069,goiener_smart_meters,0.5
P069,opsd_household_data,0.5
P070,smart_grid_smart_city,0.5
P070,danish_smart_heat_meters,0.5
P071,smart_grid_smart_city,0.5
P071,heapo_heat_pumps,0.5
P072,smart_grid_smart_city,0.5
P072,european_lv_rural_2731,0.5
P073,smart_grid_smart_city,0.5
P073,european_lv_urban_35297,0.5
P074,smart_grid_smart_city,0.5
P074,european_lv_urban_8087,0.5
P075,smart_grid_smart_city,0.5
P075,norway_ami_energy_distribution,0.5
P076,smart_grid_smart_city,0.5
P076,complete_energy_community,0.5
P077,smart_grid_smart_city,0.5
P077,opsd_household_data,0.5
P078,danish_smart_heat_meters,0.5
P078,heapo_heat_pumps,0.5
P079,danish_smart_heat_meters,0.5
P079,european_lv_rural_2731,0.5
P080,danish_smart_heat_meters,0.5
P080,european_lv_urban_35297,0.5
P081,danish_smart_heat_meters,0.5
P081,european_lv_urban_8087,0.5
P082,danish_smart_heat_meters,0.5
P082,norway_ami_energy_distribution,0.5
P083,danish_smart_heat_meters,0.5
P083,complete_energy_community,0.5
P084,danish_smart_heat_meters,0.5
P084,opsd_household_data,0.5
P085,heapo_heat_pumps,0.5
P085,european_lv_rural_2731,0.5
P086,heapo_heat_pumps,0.5
P086,european_lv_urban_35297,0.5
P087,heapo_heat_pumps,0.5
P087,european_lv_urban_8087,0.5
P088,heapo_heat_pumps,0.5
P088,norway_ami_energy_distribution,0.5
P089,heapo_heat_pumps,0.5
P089,complete_energy_community,0.5
P090,heapo_heat_pumps,0.5
P090,opsd_household_data,0.5
P091,european_lv_rural_2731,0.5
P091,european_lv_urban_35297,0.5
P092,european_lv_rural_2731,0.5
P092,european_lv_urban_8087,0.5
P093,european_lv_rural_2731,0.5
P093,norway_ami_energy_distribution,0.5
P094,european_lv_rural_2731,0.5
P094,complete_energy_community,0.5
P095,european_lv_rural_2731,0.5
P095,opsd_household_data,0.5
P096,european_lv_urban_35297,0.5
P096,european_lv_urban_8087,0.5
P097,european_lv_urban_35297,0.5
P097,norway_ami_energy_distribution,0.5
P098,european_lv_urban_35297,0.5
P098,complete_energy_community,0.5
P099,european_lv_urban_35297,0.5
P099,opsd_household_data,0.5
P100,european_lv_urban_8087,0.5
P100,norway_ami_energy_distribution,0.5
P101,european_lv_urban_8087,0.5
P101,complete_energy_community,0.5
P102,european_lv_urban_8087,0.5
P102,opsd_household_data,0.5
P103,norway_ami_energy_distribution,0.5
P103,complete_energy_community,0.5
P104,norway_ami_energy_distribution,0.5
P104,opsd_household_data,0.5
P105,complete_energy_community,0.5
P105,opsd_household_data,0.5
