script,logical_output,script_exists,duplicate_output_owner,status
plots/leaf/e1_p_ctrl_boxplot_by_n.py,00-e1-规模与可控概率/e1_p_ctrl_boxplot_by_N,True,,pass
plots/leaf/e20_n95_inflation.py,01-e20-迁移N95与效果/e20_n95_inflation_boxplot,True,,pass
plots/leaf/e20_r2_vs_n.py,01-e20-迁移N95与效果/e20_r2_vs_N_boxplot,True,,pass
plots/leaf/e21_algorithm_effect.py,02-e21-原始与混合算法效果/e21_raw_vs_mixed_algorithm_boxplot,True,,pass
plots/leaf/e21_pairwise_curtailment.py,03-e21-两两组合弃电率/e21_pairwise_curtailment_boxplot,True,,pass
plots/leaf/e21_pairwise_r2.py,04-e21-两两组合R2规模/e21_pairwise_r2_vs_N_boxplot,True,,pass
plots/leaf/e21_gamma_r2.py,05-e21-Gamma边界/e21_gamma_r2_boxplot,True,,pass
plots/leaf/e22_algorithm_boxplots.py,06-e22-IEEE69算法与R2/e22_ieee69_algorithm_boxplots,True,,pass
plots/leaf/e23_request_intensity.py,07-e23-IEEE69压力曲线/e23_request_intensity_boxplot,True,,pass
plots/leaf/e23_line_derating.py,07-e23-IEEE69压力曲线/e23_line_derating_boxplot,True,,pass
plots/leaf/e23_spatial_concentration.py,07-e23-IEEE69压力曲线/e23_spatial_concentration_boxplot,True,,pass
plots/leaf/e24_effect.py,08-e24-IEEE123效果与安全/e24_effect_boxplot,True,,pass
plots/leaf/e24_network_acceptance.py,08-e24-IEEE123效果与安全/e24_network_acceptance_boxplot,True,,pass
plots/leaf/e22_acceptance.py,figs/subpanel/00_ieee69_network_acceptance,True,,pass
plots/leaf/e22_constraint_audit.py,figs/subpanel/01_ieee69_constraint_audit,True,,pass
plots/leaf/e22_effect_safety.py,figs/subpanel/02_algorithm_effect_raw_vs_pairwise_mixed,True,,pass
plots/leaf/e22_spatial_retention.py,figs/subpanel/03_ieee69_spatial_retention,True,,pass
plots/leaf/e22_topology_effect.py,figs/subpanel/04_topology_effect_raw_vs_pairwise_mixed,True,,pass
plots/leaf/e22_dataset_retention.py,figs/subpanel/05_ieee69_dataset_algorithm_retention,True,,pass
plots/leaf/e22_stress_lines.py,figs/subpanel/06_ieee69_all_algorithms_m0_m6,True,,pass
plots/leaf/e22_physical_boundary.py,figs/subpanel/07_physical_to_computational_boundary,True,,pass
